First Name,Last Name,Phone1,Phone2,Email1,Email2
Deavi,Kagura,12543742789,23465789252,deavillas@gmail.com,deviasd@hope.com
Paul,Mathew,234561,4657892522,paulmt@gmail.com,paulmt@hope.com
Joesph,Cruz,1254374278,4657892521,josephcrzgmail.com,josephcz@hope.com