first Name,LastName,Phone1,validatedPhone1,Phone2,validdatedPhone2,Email1,validatedEmail1,Email2,validatedemail2
Deavi,Kagura,12543742789,+1(254) 374-2789,23465789252,invalid phone number,deavillas@gmail.com,deavillas@gmail.com,deviasd@hope.com,deviasd@hope.com
Joesph,Cruz,1254374278,+1(125) 437-4278,4657892521,+1(465) 789-2521,josephcrzgmail.com,invalid email,josephcz@hope.com,josephcz@hope.com
Paul,Mathew,234561,invalid phone number,4657892522,+1(465) 789-2522,paulmt@gmail.com,paulmt@gmail.com,paulmt@hope.com,paulmt@hope.com
